{
  "taxonomy_version": "job-taxonomy-v2",
  "train_rows": 17501,
  "test_rows": 5834,
  "relevance": {
    "0": {
      "precision": 0.8387888707037643,
      "recall": 0.9335154826958105,
      "f1-score": 0.8836206896551724,
      "support": 1098.0
    },
    "1": {
      "precision": 0.9841717259323504,
      "recall": 0.9584037162162162,
      "f1-score": 0.9711168164313222,
      "support": 4736.0
    },
    "accuracy": 0.953719574905725,
    "macro avg": {
      "precision": 0.9114802983180573,
      "recall": 0.9459595994560134,
      "f1-score": 0.9273687530432473,
      "support": 5834.0
    },
    "weighted avg": {
      "precision": 0.9568096458773302,
      "recall": 0.953719574905725,
      "f1-score": 0.9546494274700242,
      "support": 5834.0
    }
  },
  "disciplines_micro_f1": 0.9166425698588365,
  "disciplines_macro_f1": 0.8898798646236514,
  "archetypes_micro_f1": 0.8876221498371335,
  "archetypes_macro_f1": 0.7392249073879585
}