{
  "taxonomy_version": "job-taxonomy-v2",
  "train_rows": 17498,
  "test_rows": 5833,
  "relevance": {
    "0": {
      "precision": 0.847233691164327,
      "recall": 0.9438822447102115,
      "f1-score": 0.8929503916449086,
      "support": 1087.0
    },
    "1": {
      "precision": 0.9868022501081782,
      "recall": 0.9610198061525496,
      "f1-score": 0.9737403928266439,
      "support": 4746.0
    },
    "accuracy": 0.9578261614949426,
    "macro avg": {
      "precision": 0.9170179706362527,
      "recall": 0.9524510254313805,
      "f1-score": 0.9333453922357763,
      "support": 5833.0
    },
    "weighted avg": {
      "precision": 0.9607931598335397,
      "recall": 0.9578261614949426,
      "f1-score": 0.9586848928635809,
      "support": 5833.0
    }
  },
  "disciplines_micro_f1": 0.9148094147052698,
  "disciplines_macro_f1": 0.8867855725502218,
  "archetypes_micro_f1": 0.8873485554520038,
  "archetypes_macro_f1": 0.7337788971102747
}